Nome,Data de nascimento,Telefone
Anilda Jandrey,1952-03-21,49988183739
Delmira Dassi,1963-03-24,49988251633
Neusa Beckert,1963-03-27,49999191275
Genilse Vargas,1965-03-03,49988103459
Claudete Neiva Samdnann Cembranel,1965-03-03,47988590075
Ana Fátima Ferreira,1965-03-28,49999488454
Salete dos Santos,1966-03-06,49999140438
Neli Ana Severgnini Petry,1966-03-09,49999777880
Janete Lucia Neuhaus,1968-03-05,49988041965
Lucila Maria da Silva Pinto,1968-03-10,49988341293
Rosemeli Malaggi Arezi,1972-03-24,49988614925
Eliane Maria Galo Facco,1973-03-03,49988874313
Valéria Schwartz Dall Ágnol,1975-03-11,49999468932
Daniela Carina Potrich Guarda,1976-03-28,49999077293
Luciana Kerkoff,1977-03-10,49988478240
Elizane Kesler,1977-03-12,49988060510
Marlene Sehn,1977-03-15,49988653282
Mariela Bruch,1978-03-03,49998104179
Marclei Terezinha Werlang,1978-03-23,49988841440
Ivanir Vanderléia Dias Cibulski,1978-03-30,49991901499
Jaqueline da Silva,1979-03-07,49999929537
Marizete Stechnann,1979-03-08,49988856886
Ana Paula Barbieri de Mello,1979-03-10,49991782755
Marizete Schorreck Campana,1979-03-12,49988326653
Cristiane Roversi,1979-03-14,49988085441
Sirlei Werlang,1979-03-22,49988186299
Adriana Tereza Albert Spengler,1979-03-23,49988264711
Vanderlei Ulice Silveira da Costa Fabris,1979-03-27,49988037741
Andressa Comparin Guerra,1980-03-05,49999364991
Darquylla Raquiel Valandro Zillmer,1980-03-11,49999788809
Adriana Souza Agosta,1981-03-05,49999343098
Elizete Eliane Wagner,1982-03-10,49998332639
Edinéia Cristina Canova,1982-03-23,49999647204
Rosane Schroder,1982-03-29,49991131622
Izabel Leticia Alves dos Santos,1983-03-03,49999500108
Silvana Perez,1983-03-09,49998411076
Jaqueline Ebertz da Rosa,1983-03-09,49998156596
Silvia Cristina da Silva,1983-03-13,49984184436
Alesandra Cristina Ribeiro,1983-03-13,49999982348
Cleonice Fiorentin,1983-03-15,49988106007
Leticia Marina Jung,1983-03-15,49988106707
Janete Lucia de Souza,1983-03-30,49989123535
Marilia Dessbesell,1984-03-01,49999524687
Licihellen Maria Delabio,1984-03-19,19991411565
Márcia Aparecida Furtado,1985-03-16,49999797904
Dariane Clause de Marco Sandrin,1985-03-17,49998185467
Fabiana Menegoto,1985-03-18,49998086608
Valmir de Abreu,1985-03-19,49988478010
Cleide Jahmel,1985-03-21,49999440158
Rita Jacobsen,1986-03-02,49988388135
Cassiane Ferrari,1986-03-19,49988115447
Daiana Paula Bortolanza Altreider,1986-03-25,49991261674
Daiane de Oliveira,1986-03-27,49999182944
Kelly Nohatto,1986-03-28,49984026096
Ana Karolina Kehl Begnini,1986-03-29,49999109426
Polyana da Silva Santos,1987-03-12,49999307333
Fabiane Carla Costacurta,1987-03-14,49991134015
Caroline Malldaner,1987-03-27,49991080812
Franciele Cristina Smorsinski Broetto,1987-03-29,49999140872
Eleandra Teixeira,1988-03-07,49998002968
Marlize Lemes Paranhos,1988-03-07,49999948565
Juliana Mendes Streck,1988-03-08,49988394965
Janes Carla Pedrassani Vieira da Silva,1988-03-09,49999131278
Daiane Paula Bolfe,1988-03-16,49999532643
Ana Paula Rintzel Brandão,1989-03-15,49999297487
Verediane Staer,1989-03-28,49999034363
Indiana Paula Defaveri,1990-03-01,49991974115
Carla Patricia Leismann,1990-03-26,49984137711
Patricia Monica Dassi,1990-03-31,49988261805
Bruna Kischel Altenhofen,1991-03-04,49984264121
Vanessa Trindade Vargas,1991-03-10,49984141738
Juliane Thiago,1991-03-13,49988893690
Raqueleyn Magda Hensel,1991-03-14,49931385747
Maira Piccoli,1991-03-16,49988297992
Franciele Rigo Folle,1991-03-22,49998113735
Flavia Berger,1991-03-24,49999430989
Rosana de Fátima dos Santos,1991-03-25,49999982156
Franciele Kremer,1991-03-26,49999298766
Diane Costa Curta,1991-03-26,49991051279
Lidia Rigo Jesus,1991-03-29,47984912327
Clarice D. da Silva,1992-03-19,49988311445
Claudia Fernanda Jung,1992-03-23,49999719529
Andressa Dona Wilman,1993-03-01,49988704456
Izaura Sebbem Barro,1993-03-05,49989024420
Keli Biachet Cerbaro,1993-03-16,49999477265
Cristina Raquel Jahnel Conceição,1993-03-22,49991416614
Andressa Gregou Zanatta,1993-03-24,49984099123
Marines Aparecida Pedroso Borth,1994-03-06,49999848395
Elisa Lamb,1994-03-08,66984370380
Taisa Camila Dassi,1994-03-22,49988340552
Jessica Luisa Dummer,1994-03-27,49999078848
Patricia Tais Gerinhg,1995-03-02,49988030377
Janaine Luana Voos Barreira,1995-03-04,49991184529
Sandra Konzen,1995-03-08,49999087447
Pamela Cristina de Morais,1995-03-24,49999217537
Alessandra Aline Marczinski,1995-03-24,49999767798
Jordana Victoria Simon Donati,1995-03-29,49988315958
Larieli Gonsalves,1995-03-30,45999928103
Fabieli Lambrecht,1996-03-02,49988051958
Amanda Alberton,1996-03-11,49999475288
Caroline Brandalize,1996-03-14,49999603993
Karoline Menezes Dalbosco,1996-03-15,49988703598
Gabriele de Costa,1996-03-21,49991168374
Cilita Salate Klug Signor,1996-03-25,49988605551
Amanda Cristine Appelt,1997-03-05,49991881654
Liamara Schel,1997-03-09,49999945658
Karine Cristina Andreola,1997-03-12,49988082325
Giseli Novaki Menegassi,1997-03-13,49999227502
Veridiane Binotto,1997-03-17,49998056824
Vanessa Zummach,1998-03-09,49999582036
Thalia Vanessa Bitencourt,1998-03-11,49988306150
Jaine Klein,1998-03-14,49988259034
Daniela da Silva Cavalheiro,1999-03-02,49999766734
Jéssica Cristina Koroch da Costa,1999-03-09,49998382616
Onesis Gabriela Barrios Rojas,1999-03-11,49999326421
Giulia Luiza Perin Machado,1999-03-31,49991579167
Bruna Eduarda Solivo,2000-03-01,49998000522
Carolina Beatriz Welke Grade,2000-03-06,49999212244
Vitoria Schimuneck,2000-03-08,49999976811
Talita Natalia Z. Krebs,2000-03-10,49999450441
Luana Weber,2001-03-03,49999446468
Carolini John Guimarães,2001-03-09,49991643744
Héllen Christina Baggio Oliveira,2001-03-10,49999951355
Tainara Roberta Buss,2001-03-12,49988594713
Katia Kamila Marcos,2001-03-15,49984197920
Stéfany Eduarda Henchen,2001-03-29,49999547181
Talita de Queiroz Schmidt,2003-03-02,49998044571
Eduarda Paulina Becker Duarte,2003-03-05,49999191959
Fabricia Solivo,2005-03-23,49998125279
Julia Caroline Ferreira Luza,2006-03-02,49998082125
Kymberlin Sebastiani,2007-03-17,49920015679
Maria Rosangela Heirich,1960-04-25,49988037448
Reni Panzenhagen,1961-04-19,49988243823
Lenir Clair Neumann,1963-04-08,49999860072
Antonio Marcos Grunwaldt,1968-04-08,49984166382
Loreni Prant Reguer,1968-04-15,49999173990
Rosani Jomertz,1968-04-15,49999856274
Sidnei Rosa Vivian Alchieri,1968-04-29,49999376297
Elenice Brandalize Schlemmer,1969-04-19,49998055459
Adriana Foresti,1970-04-06,49991741541
Amelia Gateli,1972-04-13,49988040532
Leunir Moser Kutszepa,1972-04-25,49984233251
Alice Wazlawik,1973-04-07,49991316062
Joselaine Pascoaloto Dalla Costa,1974-04-09,49998258812
Vandra Maria Dgostini,1974-04-20,49988160952
Anir Perkuhn Guisoni,1974-04-20,49998270857
Sirlei Bock,1974-04-23,49988443646
Cleonice Rech,1974-04-26,49999505556
Marisete Naihack Perondi,1975-04-03,49999984000
Angelica Marilin Klumb,1976-04-16,49988161091
Izolde Klein Pinheiro,1977-04-11,49999769082
Dalva Marciana Folmer,1977-04-28,49988024657
Clarice Livi,1978-04-02,49988387066
Clecir Maria da Silva,1978-04-04,49999462400
Marivane Bolfe,1978-04-08,49999149941
Janete Laufer,1979-04-12,49984102721
Ivane Watte,1979-04-12,49999150992
Andreia Dreyer,1980-04-24,49989191001
Marcia Teresinha Lauermann Presotto,1980-04-24,49999182840
Luciani Kerkhoff Grade,1981-04-17,49991754601
Loreci Noll Nicolodi,1981-04-30,49988586484
Eliane da Silva,1982-04-01,49999750921
Raquel Dettmer Schardong,1982-04-19,49991426570
Denise Batisti Nardini,1983-04-06,49988171087
Márcia Izolde Feyh Rabutka,1983-04-15,49999854992
Rejane Nunes,1983-04-23,49999051074
Kelly Thaís Lucca,1984-04-09,49999241096
Josilene Caminski,1984-04-15,49998222113
Tatiana Pasqualotto,1984-04-18,49999192540
Mari Teodoro,1984-04-28,49988084464
Sandra Regina Alves de Souza,1985-04-01,49991819892
Elisangela Piegel,1985-04-11,49988394788
Marcieli Vivian Zanini,1985-04-19,49999335410
Rosemar Schmeling,1985-04-24,49999783440
Juciane Simonetti,1986-04-01,49998069520
Dirleia Pfeifer,1986-04-01,49989041485
Andreia de Mattos Rodrigues,1986-04-02,49989032373
Rosimar Mariani,1986-04-06,45991363532
Tatiane Villa Nova,1986-04-14,49999857374
Andrieli Vivian,1986-04-19,49999116510
Marli Carmen Detoni,1986-04-22,49988063391
Daiane Fernanda Muller Signor,1987-04-06,49999403776
Adriande Dopke,1987-04-06,49999830483
Maria Margarete Marschall,1987-04-08,49999984818
Carla Linke Fão,1987-04-13,49999936006
Fabiane Maria Engler Franco,1987-04-14,49988187206
Marli Bisello,1987-04-25,49999025734
Daniela Zanivan,1987-04-28,49999594179
Quiciane Helena Milani,1987-04-29,49998408577
Cristiane Bortoloto,1987-04-30,49988355862
Cristiane Ludwig,1988-04-13,49999097222
Edinara Vassoler,1988-04-23,49999131261
Naia Tedesco,1988-04-25,49988686194
Marisa Soares,1990-04-07,49999028024
Bruna dos Santos Alba,1990-04-09,49999247273
Milena Zandonai,1990-04-10,49999497032
Amanda da Silva,1990-04-13,49988637058
Fabiele Collovini Tavares,1990-04-17,51981034933
Silvana Disner,1990-04-21,49885048168
Debora Malu Grass Campana,1991-04-12,49988127048
Fabiana Ávila de Souza Zatt,1991-04-22,49988055404
Carine A. Fachin Picinnin,1992-04-04,49999062169
Camila Fries,1992-04-22,49988234070
Jennifer Dancoski Lederer,1993-04-03,49991029940
Bianca Emanueli Cruz,1993-04-13,49991818818
Cristina Oesterreich,1993-04-29,49999122898
Dalvana Keller,1993-04-30,49999989635
Liane Bock,1994-04-05,49988043592
Taynara Modesti,1994-04-06,49999293213
Marcia Patricia de Queiroz,1994-04-09,49999704672
Jarline S. Koch,1994-04-19,49988162195
Andressa Bergossa,1994-04-20,49988022252
Jaqueline Raquel Krieser,1994-04-27,49999977292
Tainara Regina de Souza Leite,1995-04-14,49988506263
Debora de Freitas Noronha,1995-04-27,49998361853
Josieli do Nascimento Vargas,1996-04-16,49984195926
Aritana Schneider,1996-04-24,49998321657
Dirlene Luiza Lovera,1997-04-14,49988841592
Gabriela Dal Pias,1997-04-16,49988185009
Gismare Rigon Di Domenico,1997-04-22,49988894190
Tainá Strapazzon Kotz,1997-04-30,49988835372
Iarla Bruna Lunenburg,1998-04-06,49985048668
Lucieni Plein Monteiro,1998-04-07,51984194651
Adrielly Boff,1998-04-13,49991736107
Luana Thesing,1998-04-17,49999829401
Aline Ghisleri,1998-04-20,49998302243
Diana Nilsa Selias Vaz Balbinot,1998-04-28,49988197699
Fabiane Walker,1998-04-30,49984197666
Ana Caroline Gasperin,1999-04-01,49998064660
Camila Cabral,1999-04-08,49989150846
Fabiane Rodrigues,1999-04-15,49991059434
Debora Nava,1999-04-28,49988506486
Renata Cristina da Silva Bittencourt Pereira,2000-04-20,49985021348
Juliana Baron de Oliveira,2001-04-23,49989010103
Francieli Turatti,2001-04-26,49988707816
Daniela Julia Keil Cella,2003-04-23,49999442501
Priscila Klein,2003-04-30,49999533625
Jennifer Hahnn,2004-04-01,49999583002
Caroline Rossa,2005-04-22,49999400399
Camila Weber,2007-04-10,49988713114
Helmi da Silva,1956-05-27,49999178977
Egon Jancke,1961-05-14,49988443231
Lucia Bonotto,1962-05-19,49999110374
Claci dos Santos,1964-05-13,49988128149
Auria Weber,1964-05-22,49991763071
Joananita Zonatto,1964-05-24,49999058663
Marli Kuhn,1966-05-10,49999984089
Serlei Puntel,1968-05-24,49984347731
Elisete Inez Federizzi Koch,1969-05-04,49999664858
Claudia Elisabete Kerkhoff,1969-05-11,49988643449
Tania de Oliveira,1970-05-03,49999854787
Marines da Silva Giuliani,1971-05-02,49991976065
Carmen Sobieski Faria,1971-05-26,49988328510
Jaqueline Brutcher do Nascimento,1973-05-07,49984040673
Elenice Fátima Ribas,1975-05-11,49999856226
Silvia Carla Bodtner,1977-05-13,49999448828
Zanete Terezinha Badia Willmann,1978-05-30,49988288710
Adriana Batisti Badia,1979-05-06,49988193645
Márcia Rufatto,1979-05-11,49984285112
Leonilda da Silva,1979-05-18,49999756309
Daiane Toral,1979-05-22,49999340142
Marcia Cristina Tonello,1979-05-24,49999063952
Miriam Bock,1980-05-12,49998128433
Magda Ternopilski,1981-05-01,49999282435
Tatiane Basso,1981-05-02,49999794277
Claudete Simone Hohnse Schroeder,1981-05-09,49988113201
Jovania Fatima Tonin,1981-05-12,49988041705
Tatiana Andreia Rigo,1981-05-29,49984321083
Simone Michelle da Silva,1982-05-12,49988352169
Rozelei Ribeiro,1982-05-15,49999342593
Juscemara Felippe Gorreis,1982-05-17,49998347700
Dirce Wisnieski,1982-05-23,49988473924
Josiane Gasperin,1983-05-10,49988131553
Wuendi Josefina Briceno Bracho,1983-05-12,49991919889
Lucilene Bauer,1983-05-15,49988096809
Fabio Felimberti,1984-05-12,49988333390
Eliana Keil,1984-05-16,49998270010
Adriana Franciscon,1985-05-01,49999198816
Suzana Mara Oliveira,1985-05-03,49988494712
Wanderleia Pereira,1985-05-06,49999591100
Simone Henn,1985-05-21,49999826472
Vanessa Morim,1985-05-28,49999153720
Liziane Grabriela Ribeiro,1986-05-11,49931111413
Fabiana Tavares Martins,1986-05-31,49999370789
Miriane Sartori,1987-05-07,49988556644
Caciane Deiki,1987-05-09,49998333507
Dayane Mess Back,1987-05-22,49984196535
Saionara Gabiatti Alba,1987-05-29,49998138217
Aline Raquel Sell,1988-05-20,49988703403
Adriele Maiara Wagner,1988-05-23,49999339725
Juliane Márcia Bauer Raddatz,1988-05-29,49988033501
Samara Badia Mattje,1989-05-07,49999834365
Maria de Fátima Macedo,1989-05-13,49988432861
Viviani Wolff,1989-05-13,49999688844
Ana Paula Albrecht,1989-05-16,68999480643
Ariane Goulart Spilmann Mohr,1990-05-07,49988050186
Ana Paula Dalmago,1990-05-09,49998272092
Aline Andreia Winter,1990-05-14,49991335266
Aline Regina Mettler,1990-05-15,49984332396
Michelli Analize Storck Riva,1990-05-28,49999623354
Elisangela de Fatima Berto,1990-05-29,49999964225
Sandra Mara Ferreira Hohensee,1991-05-19,49988698095
Cristieli Terezinha Ott,1991-05-27,49998141670
Dieizy Gomes de Oliveira,1991-05-29,49988295437
Natali Galle,1992-05-23,49999125452
Fernada Farias Rodrigues,1992-05-24,49988494583
Franciela Giacomelli,1992-05-27,49988485994
Daiane Casemiro Bratz,1992-05-29,49999834164
Jessica dos Santos,1993-05-09,49988483678
Bruna Ferreira dos Passos,1993-05-11,49998292598
Danieli Cristina Metler,1993-05-15,49988311460
Daiana Luzzi,1994-05-24,49988365906
Luana Fabiane Borges,1994-05-26,49999420705
Vanieli Schwartz Dall Agnol,1995-05-13,49998307805
Maiara Rubia Bolfe,1995-05-18,49999091445
Patricia Aparecida Arnet,1995-05-22,55999075675
Maiara Zanini,1996-05-05,49998110396
Gabriela Leopoldina Banaceski,1996-05-31,49988996912
Cintia Maisa Winter,1996-05-31,49991620721
Lara Maria Weschenfelder,1997-05-09,49988415378
Caroline Bevilaqua,1997-05-09,49991160075
Carine Rizzi,1997-05-24,49984177817
Paula Monique Tariga,1997-05-25,49991340170
Kelli dos Santos Ribeiro,1998-05-11,49999479101
Marina Debastiane Imhoff,1998-05-22,49988456003
Gabriela Neunfeld,1999-05-03,49999746700
Amanda Perez,1999-05-07,49989007499
Kauanna dos Santos Cell,1999-05-09,49998192170
Thais Bentaque Tavares,1999-05-24,49998283574
Natali Neusa Felisiak,1999-05-24,49988433561
Gabriela Bottini,1999-05-25,49999737144
Janaina Campos,2000-05-07,49988033728
Oscar Gabriel Schuman,2000-05-16,49989096392
Vitoria Cristina Machado,2000-05-29,49999525652
Caroline Luzzi,2001-05-10,49998097324
Aline Beatriz Schossler Hasse,2001-05-15,49998272180
Franciele Frese,2001-05-22,49999559382
Renata Rafaela Strojake,2002-05-09,49999700248
Greici Lidiane Nerling,2002-05-13,49991427060
Matheus Cops,2002-05-19,49999329286
Bruna Amanda de Marco,2003-05-02,49998283961
Vandriane Miranda,2003-05-12,49999775021
Maithieli Cibulski,2003-05-27,49991637806
Jenifer Eichstaedt Gausmann,2005-05-02,49988466571
Julia Becker,2005-05-03,49999239218
Erika Mirela Altreider Redel,2005-05-21,49999275703
Margarida Maria Bertochi,1958-06-17,49984028440
Adimara Lucia Willinghofer,1968-06-12,49998234869
Regina Guterres,1969-06-01,49999143074
Neli da Silva,1969-06-02,49991291888
Sandra Maria Amorim,1969-06-29,49999998664
Elenice Gunia Franco,1970-06-28,49999065266
Rosane Sirley Regner de Bem,1971-06-28,49988367795
Sandra Regina C. Albrech,1971-06-28,49999772400
Veni Mahl,1972-06-30,49991724244
Neila Vidi Ferrari,1973-06-05,49988037663
Cleide Schossler,1973-06-25,49988138647
Angela Giglioli,1975-06-24,49999064463
Silvana Leonice Motta,1976-06-13,49999050283
Elaine Folmer Queiler Teixeira,1976-06-21,49998184469
Cleonice Klein Porfirio,1976-06-28,49998041757
Claudete Beatriz Hermes,1977-06-02,49988173075
Lorinei Brixner,1977-06-13,49999711364
Sandra Batista Machado Merlo,1977-06-26,49984372494
Elisabete Brandt Schwerdner,1978-06-02,49988556383
Karina Paulinha Muller Signor,1979-06-09,49999312842
Sirlei Salate Tiecker,1979-06-29,49988560025
Juliane Regner,1980-06-06,49991046395
Vanessa Daenickn,1980-06-30,49988240904
Adriana Scariot de Souza,1981-06-10,49988161812
Eleandra Murari,1982-06-26,49999516144
Jusara Kesler Dallalibera,1984-06-10,49988029004
Richelly Soares,1984-06-24,49988590076
Leila Andressa Pires Valandro,1984-06-29,49988029243
Roselita Ferraz,1985-06-07,51980316642
Regina Novello Ribeiro,1985-06-10,49991389826
Ana Maria Broll,1985-06-24,49998248986
Julie de Souza Lima,1985-06-26,49998139584
Tankliane Scarletty Longo,1985-06-28,49988268813
Elisete Miorando,1986-06-04,49999306944
Andreia Salete Strapasson,1986-06-06,49999020438
Claudia Elizandra Decker,1986-06-12,49999769072
Janaina Freitag Panzera Bufoon,1986-06-21,49999634558
Veridiane Fiorela Corassa,1987-06-08,49988106400
Fabiane Andreia Rauber,1987-06-10,49999925013
Juliane Breda,1987-06-20,66992187979
Ketrin Cecília Feyh dos Santos,1988-06-09,49998326777
Juliane Andrea,1988-06-18,49999062750
Doriane Cristina Ficanha,1988-06-20,49991188528
Marineuza Pimel Conchi,1988-06-27,49999069207
Carine Dazzi,1989-06-08,49989231545
Maila Fernanda da Silva,1989-06-18,49988186837
Micheli Piovesani,1989-06-20,49988499282
Mara Raquel Brasil Gomes,1990-06-02,49999964228
Monica Regina Silvestre,1990-06-12,49998270384
Marcia Bender,1990-06-13,49991063313
Cristiane de Oliveira Guimaroes,1990-06-14,49998109432
Emanuela Caroline Valer,1991-06-16,49991737070
Ana Paula de Oliveira,1992-06-12,49999826109
Ana Carolina Henchen de Marco,1992-06-13,49998354850
Juliane Teodoro,1993-06-02,49999573119
Viviane Suelyn Tiecker,1993-06-23,49999599184
Samara Wagner,1994-06-13,49999474224
Juliana da Silva Gato,1995-06-04,49999432049
Juliana de Campos,1995-06-07,49999108918
Vanessa Bauer,1995-06-08,49998187750
Clades Guberti,1995-06-09,49999240340
Andressa Barbosa,1995-06-10,49999403552
Liziane Cristina Ferreira,1995-06-21,49999170922
Thaynara Alves da Rosa,1996-06-03,49988639489
Tamara Daiana Secchi,1996-06-08,49985055620
Thainara Schlee Petry,1996-06-22,49998342637
Leticia Shanne,1996-06-25,49991244576
Alessandra Agostini Pavi,1997-06-04,49988540252
Andressa Wachholz,1997-06-24,49984195447
Fernanda Pasqualotto,1997-06-27,49999918113
Thalya Machado Caler,1998-06-09,49984229245
Ana Paula Boita,1998-06-16,49991563766
Paula Miorando Gudiel,1998-06-24,49988657399
Michele Heinfarth,1998-06-25,49999372840
Micheli Jaqueline Candaten Bozim,1998-06-30,49999547388
Suelyn Regina Schafer,1999-06-24,49999683443
Alexia Lemos Araujo,2000-06-22,48996412676
Mikely Kobs,2000-06-25,49984100521
Kelly Vivian,2002-06-24,49999120210
Barbara Leticia Mink,2003-06-06,49999124803
Andriely Tauana Glienke,2003-06-13,49998405532
Emillyn Gabrieli Messel,2003-06-13,49998234991
Barbara Dalmas Sartori,2003-06-14,49999957225
Larissa Pereira Schafer,2004-06-02,49999166977
Ingrid Manfrim,2004-06-08,49988015803
Gessika Barbosa,2004-06-15,49999166767
Sabrina Gabriela Lemes de Souza Rodrigues,2004-06-15,49988730306
Hevelyn Kauani Alves Batista,2004-06-16,49988119001
Polyana Jung,2004-06-17,49991323127
Luana Vargas Bresolini,2004-06-19,49988813068
Karine Quinot,2004-06-21,49999953853
Natali Aline Boff,2004-06-25,49999136363
Maria Eduardasantos da Silva,2006-06-11,49991753965
Alvina Biassuzi,1957-07-29,49998282422
Rosalia Adler,1962-07-07,49999971613
Inacio José Kleir,1967-07-31,11992371904
Neiva Rodrigues Heydt,1968-07-09,49988046297
Marilene Faccio,1968-07-10,49988020426
Marlene Ferraz Robert,1970-07-06,49999378366
Neiva Rossa Schaefer,1970-07-06,49988368473
Iloni Signor,1972-07-10,49984166135
Elena Wolmuth,1972-07-14,49999616167
Rozani F. Provenzi Brandalize,1973-07-08,49999585961
Noeli Hohnse,1973-07-13,49988128105
Luci Regina Wchaki Pereira,1975-07-09,49988264448
Eliana Ransera Folmann,1975-07-15,49999054009
Marlise Hohnse,1975-07-20,49999841033
Neide de Queiroz,1975-07-20,49999382230
Roseli Manorov Thiago,1975-07-20,49999914928
Vera Lucia Fatima Kluge Martini,1975-07-25,49984074256
Eva Clecir Pedroso dos Santos Winter,1978-07-02,49999152421
Amélia Lara,1978-07-04,49984283015
Silvane Brand,1978-07-16,49991166708
Janice Raupper,1978-07-31,49991154080
Carla Elaindra Decker,1979-07-12,49998183469
Maria Cristina Machado,1979-07-24,49999236063
Solange Schedler,1979-07-27,49991085591
Etelvina Juliana Schneider Bernardi,1980-07-04,49984037512
Francielle Menim Vendrame,1980-07-25,49988366110
Maria Ines Ferreira,1981-07-08,48988540922
Edina Ines Duranti,1982-07-15,49998190524
Julia Corti,1982-07-17,48991157717
Danubia Leida,1982-07-19,49999744503
Liz Dayana Gotardo,1982-07-22,49999786531
Edina Vassoler,1982-07-25,49999473442
Sydangela da Silva Santos Lo,1983-07-17,49988235117
Andreia Bruxel,1983-07-18,49984119672
Rosimeia Dallagnol,1984-07-29,49984255684
Vandréia Ferreira Rosa,1985-07-23,49991763211
Joice Cristane dos Santos,1985-07-28,49999179507
Gabriela Cella Behm,1986-07-01,49991398457
Delvina Pasqualotto Lorenzini,1986-07-02,49988502238
Sara Cristina Lopes,1986-07-25,49989018649
Simone Maliski Fagundes,1986-07-30,49989006864
Solange de Marco,1987-07-16,49998202974
Maira Joira Bugs,1987-07-24,49988292229
Joelma Antunes,1988-07-03,49998014077
Fabiana Dessbesell,1988-07-05,49991663207
Lucinéia Mossmann,1988-07-09,49999368902
Samantha Baesso Ventura Bulle da Costa,1988-07-16,49988166202
Ana Paula Silveira da Costa,1988-07-22,49988281262
Raquel Tramontina da Rosa,1988-07-29,48966516624
Camila Becker,1989-07-03,55981372496
Cheila Regina Schwerz,1989-07-12,49988014500
Jucelia da Fonseca,1989-07-20,49988254629
Aline Zanivan,1989-07-28,49999575529
Aline Kátia Regner,1989-07-29,49999933149
Daiane Correa Fonseca,1990-07-03,49998086957
Caroline Laurieny Martiori,1990-07-07,49998122702
Andrielli Pozzer Berger,1990-07-17,49998807339
Precila Daniela Fries,1990-07-18,49999219636
Sabryna Joane Voos Bortoncello Tarouco,1991-07-12,49999971849
Angélica Daiana Giacomelli Ló,1991-07-13,49989245444
Jéssica Alves Rodrigues Schabarrum,1992-07-01,49988361361
Vanessa Francisco,1992-07-08,49999843114
Priscila Simon,1992-07-08,49999055511
Ana Paula Belusso,1992-07-10,49984057080
Tamiles do Amaral,1992-07-13,49991911917
Douglas Eduardo dos Santos,1992-07-16,49988362308
Vanessa Spin,1992-07-18,49999993499
Kelly Cristina Weimer,1992-07-29,49999040534
Késsia de Souza,1993-07-19,49984101980
Vera Lucia Falkoski,1993-07-19,49998207831
Caroline Vina,1994-07-01,49999514937
Keli Vanessa Griebler,1994-07-03,49933004849
Patricia Ines Schwab,1994-07-07,49988106772
Maiara Perini,1994-07-09,49984176356
Marisa Pielger,1994-07-31,49988634325
Bruna Rauber Bauermann,1995-07-03,49988440400
Rodrigo Ilair da Cruz,1995-07-10,49988363719
Cidiane Kirkoff Rhoden,1995-07-12,49999983905
Dianine Cristina Coconcelli,1995-07-24,49999408754
Amanda Weber do Nascimento Carloso dos Santos,1995-07-28,49988493106
Maria Carolina Catto,1996-07-20,49988196063
Fernanda Jaqueline Gotardo,1996-07-25,49998304402
Alana Hendges Schmitz,1997-07-01,49989145673
Denise Hass,1997-07-22,49999996587
Suelin Thais Mazzochi,1997-07-26,49999654679
Caroline Voiteroscki,1997-07-29,49988991237
Fabiane Rintzel,1997-07-31,49999362100
Stefani Simon,1998-07-19,49999851570
Ana Paula Picchi,1998-07-20,49988904432
Simone Zanon,1998-07-26,49922621442
Alexandra Nascimento Wappler,1999-07-03,49998271895
Bruna Eduarda Vargas,1999-07-08,49999098388
Sandi Alana Gasparin,1999-07-15,49999626846
Tainara Klug,1999-07-29,49998033373
Ana Paula Brambila,2000-07-07,49988360580
Vanuza de Oliveira,2000-07-29,49984032452
Paula Machado,2001-07-05,49998413610
Marlise Manorov,2001-07-14,49988139618
Luana Campana,2001-07-29,49988349995
Luiza Bacca da Silva,2002-07-29,55996064265
Tieli Balbinot,2002-07-31,49998409036
Ruti Santos Santana,2003-07-12,49988065588
Caroline Flor Zanella,2003-07-12,49988593930
Kemili Freitas,2003-07-21,49998300782
Maria Eduarda Pellizzer,2003-07-23,49991519587
Alessandra Cibulski,2004-07-09,49988895826
Analice Piasson Tirelli,2004-07-29,49991172378
Francini Rubini Roversi,2005-07-01,49998212756
Heloisa Tremp Ribeiro,2006-07-12,49999707812
Marci Therezinha Buffet,1962-08-01,49999279543
Neli Olinda Kospel Zanatta,1964-08-15,49998347316
Claudete Naue,1967-08-10,49999764278
Cleusa Simch,1967-08-20,49999168208
Márcia Giacomolli,1967-08-25,49999640563
Solange Maria Baldo Dassi,1968-08-21,49988396947
Cleusa Caron,1968-08-28,49988187952
Dione Rosa Busatto Liberali,1969-08-30,49999062665
Lucia Janete Willinghoefer,1970-08-01,49988496285
Dulci Knak Eckert,1970-08-16,49999610140
Silvia Krolof Huf,1972-08-02,49991816690
Airton José Junges,1972-08-31,49999637098
Janete Braganholo de Campos,1973-08-30,49988236413
Simara Folle Zanin,1973-08-31,49988346751
Ivamara França,1974-08-13,49991663383
Iraci Reni Schenkel,1974-08-17,49988064775
Silvana de Campos,1974-08-31,49988703846
Elizete Bertolo Stiler,1975-08-25,49999404002
Roberto Stalbert,1976-08-02,49988796414
Elaine Nunes Bortolotti,1976-08-14,49991857070
Leandra Regina Kirch,1977-08-22,49999216441
Juçara da Costa Felippe,1978-08-01,49988272955
Ilisiane Dequigiovani,1978-08-06,49988706861
Eleandro Brandt,1979-08-12,11951312280
Juliane Fagundes,1979-08-14,49984022104
Aline Schlemmer,1979-08-24,54981247428
Iliete Bruckmann,1980-08-04,49988277700
Marice Wiedeck,1980-08-08,49991437156
Thaise Boff,1980-08-10,49999331461
Ines Ferraz Foresti,1980-08-30,49999669990
Karina Vendrame,1981-08-03,49999028498
Fabiana Grando,1981-08-29,49999040837
Veridiane Alberto Brutscher,1982-08-11,49984041068
Eliziane Borth,1982-08-13,49988739031
Marcia Sandra Zanivan,1982-08-17,49999080201
Alderi Pires,1982-08-30,49988537452
Leonice Fabris,1983-08-10,49998144090
Rúbia Sassett Viega,1983-08-19,49984152508
Karoline Magosso,1984-08-13,49999524754
Paula Michele Canova,1984-08-21,49984179563
Ketllym Federize,1984-08-21,49999985242
Anabel Poliana Lopes,1984-08-24,49998228627
Maristela Machado Kautzmann,1985-08-07,49999005180
Gelci Riechel,1985-08-16,49988271962
Camilia Schardong,1985-08-19,49998006740
Francieli Pasa,1985-08-19,49991988121
Tatiane Kuhn Culau,1986-08-11,49998223209
Juliana Dalmago,1986-08-19,49991271304
Debora Becker,1986-08-30,49984065174
Janaine Hohensee Dagostin,1987-08-02,49999124533
Cristiane Weiss,1987-08-06,49988192666
Liliamara Pricila da Costa,1987-08-06,49998092495
Marcia Scherer,1987-08-07,49988484820
Fabiane Galvão dos Santos,1987-08-16,49998213411
Larissa Segala,1987-08-16,49999674707
Andrieli Dall Agnol,1987-08-17,49988702706
Patricia Ragazzon Rosn,1987-08-18,49999006684
Treeicy Larisa Federizzi,1987-08-21,49988368023
Laudicéia Zang,1987-08-29,49999305412
Juliana Rintzel Rollwageen,1988-08-01,49999856421
Greicy Cristiana Jung Marcante,1988-08-07,49989047880
Adriana Ines Follmann Biazi,1988-08-10,49988522320
Pietra Bianchet,1988-08-23,49999792101
Genesi Zeferino,1988-08-24,49999079750
Odair Silvestre,1988-08-26,49988133317
Aline Rodrigues da Rosa,1989-08-04,49988067912
Marlei Riffel Simon,1989-08-08,49999524639
Marilei Riffel,1989-08-08,49999200025
Zélia Beatriz Pereira,1989-08-11,49998121065
Patricia Zinczuk dos Passos,1990-08-06,49989119425
Roberta Helena Schussler,1990-08-22,49991928971
Duliana Debastiane,1990-08-22,49985030714
Renata Teresa Mattia,1990-08-22,49999199958
Denise Ceonara Luneburger,1990-08-24,49999285235
Rejane Rauber,1991-08-20,49988715518
Adriana Paula Blutz,1991-08-25,49988586460
Fernanda Sommer Canan,1991-08-28,49999244193
Mayane Haack,1992-08-07,49988439345
Vanessa Maria Geisel,1992-08-27,49988882831
Patricia Tedeschi,1992-08-29,49991197119
Gisele Maria Guth Buzatto,1993-08-24,49989099983
Thais Altreider,1993-08-26,49991414693
Ana Márcia Moraski,1993-08-30,49999015861
Fernanda Unser,1994-08-05,49999844851
Gabriela Fernada Batista Marques,1994-08-05,49998215112
Jhenifer Paula Vivian,1995-08-04,49999573951
Aline Avrella,1995-08-09,49999845888
Katiane Ferla,1995-08-11,49998200076
Bianca Grando,1996-08-01,49999058702
Denise Kutszepa Enderle,1996-08-07,49984219232
Bruna Cristina Engel Ceratto,1996-08-08,49988436073
Daiane Carla Kogler Niederle,1996-08-13,49999565627
Andrieli Estevan,1997-08-01,49999018476
Daiane Sand,1997-08-22,49999365148
Camile Trevisan,1997-08-23,49999838656
Alexandra Daniela Ferraz,1998-08-21,49998319868
Fernanda Fiorini,1998-08-23,49988389862
Pamela Fries,1999-08-01,49988268873
Franciele Fernanda Cocco,1999-08-01,49988424842
Julie Fischer Knorst,2000-08-11,49988539182
Rafaela Aparecida Boita,2000-08-24,49999907760
Marines Casagrande,2001-08-12,49988047099
Caroline Sobieski Sacardo,2001-08-18,49984000496
Daniely Kuhn,2001-08-29,49998400713
Kelim Fernanda Reisner,2002-08-29,51997332817
Gabrielli Patias,2003-08-08,49984128422
Anna Paula Tonello,2004-08-15,49985031989
Djeniffer Vanessa Kossmann Moras,2004-08-26,49999856955
Alana Fereira Moraes de Souza,2005-08-02,49999744449
Larissa Felix,2005-08-08,49999856498
Ariane Mezzomo,2005-08-13,49999773406
Bruna Machado Perin,2007-08-22,49988484874
Jamile Suiane Schonarth,2008-08-20,49999875193
Ana Paula Botte Marini Pires,2019-08-30,49998418951
Lurdes Scheren,1958-09-26,49999852179
Rogeria Schenkel,1959-09-23,49999200159
Cecilia Teresa Piasson Lazzaretti,1960-09-29,49991348792
Sirley D'agostini,1963-09-21,49999269595
Tania Maria Frandoloso Begrow,1964-09-21,49999787930
Selane Freitg Panzera,1967-09-06,49988474993
Cirlei Willighfer Machado,1967-09-22,49999570312
Sinilda da Silva Santos Dreyer,1968-09-03,49999773077
Marlise Pott Piaça,1968-09-06,49999652040
Neli Debastiane Imohff,1968-09-15,49989056616
Loiva Jandrey,1969-09-18,49991151101
Marli Terezinha Detoni Sartori,1970-09-08,49999070312
Eliane Devilacqua,1970-09-11,49991439479
Nilsi Delci Buss,1972-09-18,49999713610
Dulcinéia Bodnar Barros da Silva,1972-09-24,49991087057
Veneci Neu Re,1974-09-11,49998168066
Rozineide de Fátima Ribeiro,1974-09-12,49988675684
Marinita Cerbaro Locatelli,1974-09-30,49988356178
Marivani Angela Piasson,1975-09-06,49991881569
Janete Machado,1975-09-15,49988537407
Aline Pinto Trindade Freiberger,1976-09-14,49984239953
Lucelia Costa Curta,1977-09-02,49999277952
Lisiane Borscheiter Secco,1977-09-29,49999842220
Izabel da Silva,1978-09-12,49988508215
Edilson Nunes Benites,1978-09-26,49988702957
Luciane Drehmer,1979-09-07,49998257396
Jaqueline Marques Cabral,1980-09-14,49988392207
Iléia de Souza,1980-09-16,49999445728
Adriana Roversi Knak,1980-09-19,49999239022
Damiana de Fátima Souza Silva Bischoff,1981-09-04,49988626868
Elenice Terezinha da Silva,1981-09-12,49998313454
Rozenir J Campana,1981-09-28,49988474777
Liamara Hart,1982-09-08,49999827187
Dianileia Fabris,1982-09-09,49988670237
Cristiani Cavalheiro,1982-09-16,49988949408
Eliane Moura,1983-09-13,49988142610
Marivete Boffe,1983-09-15,49988482913
Thaise Requia,1983-09-15,49991086071
Marciane Sakreznski,1983-09-28,49999760798
Eveline Hohensee,1984-09-29,49988549451
Taisa Cyanne Schweirz,1985-09-02,49988366492
Franciele Cristina Borges,1985-09-06,49998348863
Simone Roman Bisollo,1985-09-22,49999909793
Kelly Silva de Souza,1985-09-29,49988803671
Jaqueline Kanitz,1986-09-01,49988240678
Juliane Breitembach,1986-09-15,49999272690
Daiane da Silva,1987-09-03,49984367507
Viviane Schneider,1987-09-21,49998028633
Eliane dos Santos,1987-09-26,49998052304
Suzana Francieli Ferrari,1988-09-02,49991172790
Gislaine Alves Maia,1988-09-16,49985013900
Danieli Tauani Farias,1988-09-25,49988687195
Simone Aparecida de Quadros Von Borstel,1989-09-03,49998116466
Amélia Matilde Duarte,1989-09-22,49999692695
Michele Aline Báo,1989-09-29,49984286019
Caroline Comin,1990-09-05,49999834891
Franciely Aline Wall,1990-09-10,49991117135
Ivanete Coimbra,1990-09-10,49999205508
Daiane Buzatto Spier,1990-09-21,49988651337
Jussamara Helegda,1991-09-07,49988207180
Patrícia Alchieri,1991-09-17,49988727048
Bruna Fernanda Strojake,1991-09-23,49998105239
Graziele Prissilla Schrote,1991-09-23,49984120735
Maiara Fernanda Smorcinski,1992-09-14,49998812351
Carlla Henchen,1992-09-25,49999314566
Tatiéle Ramas Dias de Oliveira,1993-09-15,49991227563
Alais Tauna Regner Becker,1993-09-19,49988022295
Rosimar Stolarski,1993-09-21,49998401454
Tatiane Rodrigues,1993-09-27,49988582758
Ana Paula Pimel,1994-09-26,49988143940
Greika de Farvi,1995-09-05,49998057986
Patricia Krumenahuer,1995-09-13,49988635253
Emerson Zanolla,1995-09-19,49988472466
Rafaela Ferlin,1995-09-26,49988115553
Jaqueline Porfirio da Silva,1996-09-02,49988653262
Sidineia Siqueira,1996-09-19,49988340227
Dara Caroline Koch,1996-09-26,49988899772
Jaqueline Kogh,1997-09-04,49998067181
Larisa Bulegon dos Santos,1997-09-19,49999708449
Janaine Mees,1997-09-19,49999424394
Naildes Provin,1997-09-23,49999781604
Luciana Oliveira da Fonseca,1997-09-30,49984163841
Ani Caroline Livi Feske,1999-09-11,49988625912
Daiane Storck,1999-09-13,49999837198
Bruna Leticia Regner,1999-09-14,49988374351
Ana Paula de Souza Lima,1999-09-21,49988160160
Mariane Brandalezi,1999-09-25,49999004018
Gabriela Vieira,2000-09-06,49988636951
Josilene Neu,2000-09-11,49999030547
Vanieli Alessandra Porfirio,2000-09-20,49998262896
Larissa Simon,2000-09-22,49988236665
Julia de Medeiros Kedrierski,2000-09-23,46999120182
Fabiane Perondi,2000-09-25,49999314862
Larissa Dal Magro Flores,2001-09-15,49999274110
Camilly Huppes,2002-09-05,49998191384
Jaqueline Cerbaro,2002-09-05,49988826398
Luana Savegnago,2002-09-25,49988626786
Taisa Begnini,2002-09-30,49999702363
Raquel Freese,2003-09-05,49991184389
Amanda Tem Pass,2003-09-08,49999283886
Nicolli Bertotti,2005-09-09,49999729468
Ines Pasa,1961-10-17,49998051909
Terezinha Sonda,1964-10-02,49999772363
Marise Deike,1966-10-13,49988126328
Iara Gohlke,1967-10-12,49999410312
Nilce Lurdes Wesner,1968-10-02,49999847649
Sandra Helena Santos da Cass,1970-10-23,49999790230
Ladira Machado,1971-10-02,49991937522
Marla Regina Nonnemacher,1971-10-07,49999195025
Solange Aparecida de Oliveira Basso,1971-10-08,49999639024
Eloir de Fátima Rodrigues França,1971-10-17,49988556355
Rosana Vendrame,1971-10-18,49999088142
Mari Lucia Bonadeo,1972-10-27,49993252758
Loiva Marli Krohn,1973-10-05,49988651402
Marlize Cristiane Todescatto,1974-10-10,49999571480
Simone Alexandra Kehl,1975-10-07,49991965847
Neli Terezinha Alves Batista,1975-10-24,49988701788
Rosandra Jacomim Capeletto,1975-10-29,49988632652
Katia Ines Kuhn,1975-10-29,49999981348
Roberta Derlan Picoli,1976-10-05,49999342379
Janete Scherer da Rosa,1976-10-10,49988457742
Silvana Strapazzon,1976-10-17,49999201052
Marisonia Marczinski de Medeiros,1976-10-28,49988695079
Ivaneide de Campos Posselt,1977-10-03,49988260904
Simone Regina Morin Feldemann,1977-10-14,49999124409
Diones Benetti,1978-10-19,49998279479
Alice Valgoi,1978-10-25,49988276437
Simone Bueno,1979-10-06,49991792421
Elis Smorcinski,1979-10-06,49998418234
Elizandra Pertuzatti de Freitas,1979-10-15,49988538831
Sandra Schroder,1980-10-28,49999063013
Andreza Balestreri,1980-10-29,49991367415
Leila Bach,1980-10-30,49988381977
Ana Paula Frandoloso,1981-10-08,49988179727
Susy Zanette,1981-10-16,55999731840
Juliane Goettms,1981-10-22,49999369996
Jandira Ramos,1981-10-29,49988726284
Marli dos Santos,1982-10-01,49988177414
Marclis Ana Buzatto,1983-10-15,49988141458
Gizlaine Aparecida Greff,1983-10-20,51982230300
Daniela Spada,1983-10-30,49999851560
Sergiane Pasqualotto,1984-10-09,49998315288
Lisandra Wolff Henchen,1984-10-13,49988903676
Lucimar Gonçalves,1985-10-12,49988108371
Micheli Coelho Bernardi,1986-10-11,49988311944
Izamara Wachholz Rufatto,1986-10-29,49984122468
Leticia Ludwig,1987-10-01,49999872052
Maria de Fátima da Costa Kochhann,1987-10-04,49988870976
Deisi Dayane Báo,1987-10-06,49988295023
Noeli Aparecida Becker,1987-10-07,49999657136
Carine Sebem Wagner,1987-10-10,49988364470
Suzana Secco,1987-10-14,49988538826
Andreia Zimmermann Glinke,1987-10-23,49999576227
Rosana Ferreira da Silva,1988-10-03,49991518432
Laise Antunes Bernardi,1988-10-09,49998228395
Elisandra Balbinot,1988-10-25,49999566815
Daniela Huff,1989-10-10,49988162988
Maisa Janaina Grellmann,1990-10-10,49991031445
Indianara Schmitt,1990-10-13,49991663069
Simoni Bruna Schafer,1990-10-26,49999571757
Taise Maiara de Souza Leite,1991-10-07,49988061356
Jessica Carine Regauer Arezi,1991-10-08,49988200270
Vanusa Dalcero Nascimento,1991-10-09,49984369273
Gerson César Albrecht,1991-10-17,49991496588
Bruna Elisa Puntel,1991-10-26,49999174554
Daiani Braganholo Nienow,1991-10-29,49988433493
Gabrielle Mainardi Faguldes,1992-10-02,49999413515
Leticia Lucia Morin Konzen,1992-10-12,49999480898
Flavia Cipriani,1992-10-17,49999723332
Danielli Jacoby,1993-10-02,49984097227
Fabiana de Andrade,1993-10-07,49998306859
Dianne Bolfe,1993-10-17,49999318196
Debora Manfrim,1993-10-20,49999654719
Deliza Cristina Vendramini Gut,1993-10-20,49988599703
Salete Costa,1994-10-03,49999889139
Vanessa Rafler,1994-10-05,49988560052
Lilian Coimbra,1994-10-06,49988073192
Elenir Furlanetto Machado,1994-10-10,49988657818
Chancarline Schimuneck de Paula,1995-10-03,49999431382
Amanda Michele Grando,1995-10-04,49988003456
Maiara de Souza Leite,1995-10-06,49989040435
Ana Lucia Scantamburlo,1995-10-06,49998415456
Gildemara Tathiana Bender Becker,1995-10-20,49988825693
Angélica Lazzaretti,1995-10-21,49991130381
Ediane Willinghoffer,1995-10-21,49991422150
Kelly Dayanne Regner,1996-10-10,49999172615
Luana Presoto,1997-10-14,49988449989
Silvana de Ramos,1997-10-31,49999472515
Fabiane Aparecida Stacke,1998-10-12,49984371209
Juliani Caroline Webber,1999-10-23,49998259356
Claudia Eduarda Schverz,2000-10-12,49988835331
Vanusa Campos,2001-10-03,49999564936
Dulce Maria Alves,2001-10-09,49988395343
Ana Gabriela Sansigolo,2001-10-16,49988896495
Amanda Valduga,2002-10-23,49999768476
Anna Carolina Provin Bagnara,2003-10-06,49999744214
Eduarda Zimmermann,2003-10-16,49999794498
Bruna Eduarda Noll,2004-10-27,49999408058
Caroline Zeferino,2004-10-29,49999035823
Ana Laura Kuhn,2005-10-26,49984276170
Larissa Maciel Campos,2006-10-18,49984090405
Rayssa Salvador,2006-10-23,49998190853
Milena Valandro,2007-10-31,49989232878
Santina Pires Lucas,1949-11-01,49933005530
Lucia Jandira França,1953-11-15,49999496384
Lizete de Fátima Roversi,1962-11-02,49999811613
Arlete Simon,1964-11-01,49988934745
Lucia Lauer Leite,1964-11-23,49988831809
Clarete Massoni Johann,1965-11-03,49998099766
Isabel Konzen,1965-11-03,49999208800
Ines Catarina Vicencii Lauermann,1966-11-16,49988477256
Salete Rossatto,1969-11-07,49988248292
Marilei Sandra Capeli,1971-11-04,49988734124
Ilene Nadir Hubner Jahnel,1971-11-06,49988176345
Sirlei Fatima Morim Werner,1971-11-21,49999681314
Silvani Gulich Senger,1971-11-28,49988716712
Loiva Terezinha Simon Duarte,1972-11-04,49988044958
Lovani Link,1972-11-07,49999330361
Claudete Loss Secchi,1972-11-14,49999640031
Jocelda Machado Gonsalves,1972-11-16,49998202416
Marcia Gaelzer Lusa,1972-11-22,49988292832
Lovani Teresinha Pavi Schappo,1975-11-11,49988232680
Fabiane Secchi,1975-11-26,49984366912
Marli Neusa Hoffmann Roversi,1976-11-23,49988391882
Simone Solange Friedrich,1977-11-24,49999713908
Braulina de Fatima Ferreira,1978-11-09,49998295588
Silvia Vogel,1979-11-27,49984074343
Cristiane Backs,1979-11-28,49999245493
Marciele Anjo de Andrade,1980-11-20,46999308180
Raquel Mayara Debastiane,1982-11-04,49984259990
Josefa Francelino da Silva,1982-11-09,49991093301
Lisandra Luciana Lampert Perochini,1982-11-20,49988618029
Claudia Dalmolin,1982-11-27,49999478104
Elaine Klein,1983-11-07,49998116705
Adelainde Altraide,1983-11-14,49999130925
Viviane Regina Marin,1983-11-17,49999782318
Talita Favero Auler,1983-11-24,49988202520
Alexsandra Sonalio Reckziegel,1984-11-04,49988451994
Graziella Campana,1984-11-12,49999834907
Jacqueline Moroni Borghetti,1984-11-16,49999469780
Eledir Machado Tossatti,1984-11-25,49988727313
Luciane Polis,1985-11-05,49988324673
Rafaela da Costa,1985-11-21,49999409115
Selma Vieira Batista,1985-11-27,49988793742
Sidiane Aparecida Puntel Picinini,1986-11-10,49999403539
Francili Herpich Noll,1986-11-15,49999769077
Andreia Sotoriva,1986-11-30,49998055457
Maristela Brixner,1987-11-07,49998301716
Liciane da Silva Pasold Szareski,1987-11-09,49998308925
Claudia Regner,1987-11-14,49999786848
Lovani Terezinha Stohr,1987-11-19,49988065532
Ana Paula Castro Guth,1987-11-21,49988087212
Fabio Rintzel,1987-11-26,49999457221
Francieli de Lazari,1987-11-28,49998023686
Rodrigo Lemes de Souza,1989-11-04,49998394472
Alexandra Cristina Silveira,1989-11-11,49988079989
Aline Pinno Tonello,1989-11-14,49999769452
Neli Alvez de Amaral Klug,1989-11-16,49998152424
Andra Eduarda Sassett Donati,1990-11-08,49999155773
Andressa Luiza Spessato,1990-11-17,49999121080
Marciane Correia,1990-11-18,49991436175
Josiane Correa,1990-11-27,49999106097
Jéssica Bernardi Ferreira,1991-11-03,43991241047
Lenara Collares Padilha,1991-11-14,49988958518
Silmara Losch,1991-11-17,49999383498
Nadia Lichvicki,1991-11-20,49998009116
Angélica Wawrzyniak Ioris,1992-11-14,49998313765
Chayane Senger,1992-11-23,49999990736
Vanessa de Ben Stefflert,1992-11-23,49984180421
Eleia Gomes da Silva,1992-11-24,49988871016
Camila Mees Dall Agnol,1992-11-24,49988238039
Edina Fernanda Werlang,1992-11-25,49998307683
Vanessa Regina Miller,1992-11-28,49988677437
Vanessa Andréia Porfirio,1993-11-05,49999527419
Camila Spézia,1993-11-12,49988116841
Karin Aline Gasparin Rossato,1994-11-15,49988099547
Elizandra Thais Rieger,1994-11-15,49998414061
Janayna Laufer,1995-11-03,49988934050
Jéssica Stefanello Riboldi,1995-11-27,49988092415
Izabela Beatriz Signori Losch,1996-11-11,49999598940
Fernanda Antunes,1996-11-21,49999887088
Bruna Panzera,1997-11-12,49988720777
Letícia Leviski,1997-11-15,49988702203
Maiara Rampazzo,1997-11-16,49999601512
Sonia Mara Betin de Avila,1997-11-19,49991452449
Jessica K. Venâncio,1997-11-21,49998308330
Jessica Grieleitow,1997-11-21,49998072735
Daiane Petry,1999-11-04,49991599732
Tais Caroline Gauger,1999-11-11,49988457350
Ana Carolina Faria de Oliveira,1999-11-16,49999181352
Daiane Cristina Ribeiro Antunes,1999-11-16,49988898761
Samara Luana Possamai,1999-11-18,49998063125
Flavia Regina Tramontina,1999-11-21,4998417802
Adriani Schabarum,1999-11-26,49998816917
Arieli Seragllio,2000-11-21,49999581346
Diéssica da Fonseca Messa,2000-11-26,49991420874
Gabriele Kamphorst,2002-11-02,49989015102
Vanessa Carolina Neiland,2003-11-13,49991805270
Camilli Morais,2004-11-03,49991884612
Damaris Boeno,2005-11-14,49998201394
Priscila Ramos Ortiz de Freitas,2005-11-21,49988658693
Denise Lourdes de Souza,1964-12-01,49988060002
Lorena Perondi,1964-12-10,49988844733
Nair Escandalara Almeida,1964-12-11,49988552243
Eva Rohenkohl,1964-12-23,49999772493
Lovani Capeletto,1965-12-29,49998829543
Jaira Lowis de Oliveira,1967-12-03,49988225505
Marlise Meri Weber Kafer,1967-12-29,49999269505
Marilene Donati,1968-12-12,49988161047
Neiva Luci Grass,1969-12-13,49988069782
Solange Leida Rafler,1970-12-27,49999844646
Iara Jandrey Frandalozzo,1971-12-04,49988017010
Lucilene Werner Conseição Wener Lago,1971-12-08,49999155817
Silvia de Oliveira,1971-12-14,49999293233
Roseli Bonafe Raber,1973-12-20,49991150204
Adriana Heller Freitag,1974-12-24,49998108883
Sandra Regina Machado Gotardo,1974-12-25,49999208811
Cenira Borges Gomes,1977-12-10,49988139138
Claudia Salete Miorando Sansigolo,1977-12-17,49988595899
Rosimilda Ana Kopsel,1977-12-22,49984042086
Katiane Weschenfelder Golin,1977-12-28,49999575312
Katia Michele Czervenski,1978-12-14,49999262662
Kathiucya Michelli Lara Immig,1979-12-08,49999192335
Clair Bertolo,1980-12-22,49999100736
Veronice Joana Travessini,1980-12-23,49988428068
Marines Terezinha Hentges,1982-12-14,49998007571
Elizione Krumenauer,1982-12-17,49999361305
Simone Gesser,1982-12-28,47992148024
Tatiane Trombini,1983-12-10,49984017222
Adriane Jaqueline Becker,1983-12-11,49988061348
Luciane Hahn,1983-12-13,49999237325
Marilene Pertussatti,1984-12-16,49999609949
Julia Reckers,1984-12-26,49999987867
Simone Ló,1984-12-29,49998029656
Vanderlei Prediger,1984-12-31,49988260559
Denize de Jesus,1985-12-01,49999344394
Joice Adriane P. Stalbert,1985-12-08,49991716458
Eloisa Martins Dias Gharke,1985-12-22,55999544309
Valquiria Zenere,1987-12-17,49988427086
Greiciane Simionato,1987-12-20,49988651358
Graciela Nicola Schimidt,1987-12-21,49999226353
Karina Andréia Gottardo Reginatto,1987-12-23,49999192393
Drieli Missiura,1987-12-26,49988412699
Rosmari Zanella,1988-12-03,49998104924
Elenice Haerberling Wissmann,1988-12-04,49999050929
Josiane Vargas,1988-12-06,49988429675
Francoise Baldo,1988-12-08,49998146238
Simone Tonello,1988-12-08,49999365312
Saionara Geci dos Santos,1988-12-16,49999847876
Raquel Ines Wiebbelling,1988-12-19,49998333850
Diliane Signor,1988-12-20,49988530218
Lidiane Larissa Signor Sonallio,1988-12-20,49989039580
Mayara Vaneila Galzer,1988-12-23,49999362220
Neide Silva de Oliveira,1988-12-28,19997148934
Ilse Rejane Trento,1988-12-29,49988069484
Aline Marcia Tege Breda,1988-12-31,49988341882
Taise Hollas Lara Dias,1989-12-19,49988248492
Adriana Machado,1989-12-22,49988842626
Ana Paula Raffler,1989-12-26,49988430275
Vaneza Pietro Biasi,1989-12-31,49999207005
Sandra Klein,1990-12-02,49999046126
Makixele Pompeu da Silva,1990-12-11,49999507989
Taisa Von Borster,1990-12-13,49988158808
Adriane Rohden Bauermann,1990-12-20,49991474404
Deise Dalvana Manica Alberti,1990-12-22,49999526289
Patricia Solivo,1990-12-26,49988274392
Aline Kunrath,1990-12-29,49999642469
Dinara Kerkhoff,1991-12-04,49988686083
Patrícia de Freitas Noronha,1991-12-26,49999767854
Gracieli Bosing,1992-12-06,49988128532
Cintia Giovana Stacke,1992-12-15,49998054615
Michelli Caroline Pomoviski Mendes,1992-12-16,49988027342
Ivete Rintzel,1992-12-29,49988590062
Daiara Macagnan,1993-12-10,49999462812
Angelica Signorini,1993-12-17,49988167398
Leisa Maria Lauermann,1993-12-23,49988279936
João Carlosdos Santos,1993-12-30,49999030980
Luana Cristina Vedana,1993-12-31,49999561236
Daniela Cristina Gehrke,1994-12-01,49984188713
Patricia Fideles dos Santos,1994-12-13,49999383402
Liege Magali Zimmermann Schell,1994-12-16,49998276733
Aline Mezzomo Allein,1994-12-22,49999556582
Bruna Rex,1994-12-30,49988956568
Bruna Kopsell,1995-12-07,49984129418
Juliana Beatriz Kolln,1995-12-18,48991752075
Marina da Rosa,1995-12-23,49999385568
Cristiane Andreia Rossa,1996-12-03,49988703275
Lia Suelen Lazarim Valtrick,1996-12-23,49999346441
Diones Particia Lenz,1996-12-24,49991869821
Daivana Huff,1996-12-26,49999310193
Sabrina Vitória Klug,1998-12-05,49999531890
Gabriela Matern,1999-12-23,49999661072
Natalia Lamb,1999-12-25,49998326543
Vanusa Klein Lunenburger,1999-12-29,49998020106
Eduarda Freitag,2000-12-11,49998251130
Kerstin Garmatz,2000-12-12,49984033461
Jucileia Mariano Oliveira Kipper,2000-12-15,49988022273
Djeniffer Paloschi,2000-12-18,49991399369
Eduarda Murari,2002-12-16,49999813263
Amanda Hirschheiter Scholze,2002-12-18,49999967422
Brenda Todeschatto,2003-12-29,49998297233
Gabrielli Kappaun,2005-12-02,49999080436
Ana Vassoler,2008-12-25,49998129377
Inez Vendrame,1962-02-12,49999606064
Eva Antonio Costa,1963-02-05,49998184538
Lurdes Sobieski Piovezan,1968-02-26,49988825999
Loreci Maria Sackser,1970-02-09,49988441561
Cleci Salete Gondorek,1970-02-21,49984199293
Ivete Jandrey,1975-02-09,49988042057
Solange Stieeler,1978-02-08,49988139702
Roseli Teixeira,1978-02-19,49999109478
Vania da Silva Soares,1979-02-21,49988457632
Neiva Barth,1979-02-24,49999755436
Fabiani Campana Petri,1980-02-19,49998160397
Carla Juciane Pavi Egwarth,1981-02-02,49999262565
Genaide de Lima Silva,1981-02-09,51981484004
Alexandra dos Santos Vargas,1981-02-15,49985016509
Carla Renata Rintzel,1981-02-19,49998353247
Karina Manorov,1982-02-03,49991130102
Claudia Regina Schgoschwski,1982-02-13,49988378873
Ivanete Mess,1982-02-15,48996891744
Deisi Bortolanzza Schlemmer,1982-02-16,49988223643
Cionara Dall Agnol,1982-02-26,49991351295
Danielli Turati,1982-02-26,49999239079
Marisa Eleandra Ferraz,1982-02-28,49984117284
Lucimar Marchese,1983-02-06,49999019462
Beatriz Cristina Massing Kollenberg,1983-02-16,49991631984
Fabio Markendarf,1983-02-22,49988803641
Eliane Lima da Cruz,1984-02-13,49988711967
Cleonice Ines Dornhauser,1984-02-28,49999781372
Ana Paula Regauer Gheno,1985-02-10,49988540797
Rosecler Dalsavio,1986-02-11,49984176167
Francielli Rintzel da Mota,1986-02-21,49988539254
Diva Cristiane Baron Sandmann,1987-02-10,49985052264
Francielis Fatima Consoli,1987-02-24,49999110011
Patricia Stumer,1988-02-03,49999693679
Simone Marlise Becker Fiori,1988-02-08,49988184959
Angela Camila Oiltramar,1988-02-08,49984185983
Indira Klein,1989-02-01,49991960166
Soeli de Vargas,1989-02-06,49999203585
Solange Andreia da Silva,1989-02-28,49998253697
Ana Paula Baldo,1990-02-24,49988256854
Taisa de Bortoli,1991-02-14,11941268797
Jaqueline Magri,1991-02-17,49991322547
Andréia Sueli Schmoeller,1991-02-27,49984362114
Eduarda Paula da Silva,1991-02-28,49988068657
Jucinéia Fátima Gaspar Alves Vieira,1992-02-05,55999642025
Dhiely Cappelletto,1992-02-16,49999200110
Daiane Alt,1993-02-01,49988298493
Josiele Soares Buffon,1993-02-02,49998038983
Stéfni da Silva,1993-02-16,49988087984
Paulini Thais dos Santos,1994-02-18,47991826374
Fernanda Paula Hermes,1994-02-22,49999612520
Francieli Canan,1995-02-06,49998366366
Leticia Gross,1995-02-09,49999387356
Andreza Rossa,1995-02-19,49988500413
Silvana Aparecida Recalcati,1995-02-28,49998210147
Samara Litwin,1996-02-01,49999282429
Maiara Zanivan,1996-02-09,49998209864
Jaqueline Fernanda Riva,1997-02-17,49999108680
Juliana Paola Peedo,1998-02-07,49988265073
Julia Fernanda Freitag,1998-02-20,49991354964
Ana Paula Kafer,1998-02-21,49999699018
Talia Tedesco,1998-02-28,49998092465
Fernanda Fiebig Brambatti,1998-02-28,49999170560
Milena Jacomim,2000-02-10,49998261340
Adriana de Mello,2000-02-15,49984152737
Camila da Silva,2001-02-15,49999560356
Stefany Luiza Appelt,2002-02-13,49991438739
Suyane Bohrer Mocelin,2002-02-22,49988629212
Erica Finco,2002-02-25,49998286156
Brenda Parcianello,2003-02-02,49999062893
Andressa de Jesus,2003-02-06,49988851198
Ketlen Grando,2004-02-26,49988946113
Grasielli Nicolli Jappe,2005-02-07,49998127229
Leides Romitti,1950-01-25,49988537193
Marli Falkoski,1961-01-26,49998340130
Dirlei Ciarnoschi,1961-01-28,49999640810
Dirce Maria Muller,1963-01-23,49991276604
Rosangela Sangali Roman,1964-01-17,49999984535
Geni Schimittz,1966-01-01,49998270317
Dirce Weber Alba,1968-01-29,49991048525
Maria Angélica Cadore,1970-01-01,49991294998
Lourdes Aparecida Vicente Barbosa Kaffer,1970-01-12,49988127291
Ivanete Gotardo,1971-01-11,49999306046
Dirlei Janete Ferreira,1971-01-28,49999742589
Eliege Lorenzini Schoenberger,1972-01-08,49988090495
Naira Tonello,1972-01-30,49998364608
Marivete Zatti,1973-01-10,49991343827
Ilce Ivonete Pimel Neto,1973-01-31,49984321847
Anete Haas,1974-01-22,49984358007
Celia Soares,1974-01-28,49984149873
Rita Signor,1974-01-28,49988085386
Lisete Fatima Berto Balbinot,1975-01-04,49999151210
Samyra Rodrigues Neiva Gomes,1975-01-04,21992524404
Roseli Lauermann,1976-01-07,49988176469
Rosane Bonamigo,1976-01-08,49988128151
Cristiane Perossa,1977-01-01,49991320913
Marcia Terezinha Gudiel,1978-01-05,49999679951
Marlene Zeferino,1979-01-14,49989194717
Danusa Reinehr,1980-01-02,49999401587
Rosinei Porfirio do Nascimento,1980-01-02,49988298319
Cassiano Foresti,1980-01-07,49988407090
Clarice Dalmolin,1980-01-14,49999146293
Solange Bertoldo Bulegon,1980-01-19,49999871686
Juçara Santana,1981-01-15,49989159446
Clotilde Vieira da Silva,1981-01-16,49999622149
Lisiane Benvenutti,1981-01-29,49999983430
Marivane Dalpozzo,1982-01-09,49988434412
Marta Peruzzo,1982-01-19,49984022889
Valquiria Pasini,1983-01-10,49998039339
Mariana Gheno,1983-01-22,49991340081
Tatiane Machado,1984-01-03,49991240557
Eliciane da Silva Diedrich,1984-01-23,49991265902
Ivone Tonello,1984-01-26,49991158217
Adriana de Campos,1985-01-02,49999599553
Dayane Cristina Silva Dondoerffer Schimidt,1985-01-04,49999127954
Francieli Regina Vendrusculo,1985-01-13,49998019511
Andressa Alves,1985-01-13,49989048707
Mariani Schineider,1985-01-13,49991782804
Jociane Sandra Grass Federezze,1985-01-20,49988321803
Marciane de Oliveira,1985-01-25,49998249090
Fabiane Bauer Sbaraini,1986-01-06,49984172042
Libera Lima,1986-01-15,49984381689
Argélia Kerkhoff,1986-01-28,49988135889
Iana Bauer Savaris,1987-01-07,49988382545
Carine Vinaga,1987-01-09,49991392619
Viviane Fruet,1987-01-15,49999783271
Ivete dos Santos,1988-01-07,49988266407
Daniela Bozing,1988-01-22,49999577119
Keli Spanhol,1988-01-28,49988502881
Marceli Diedrich,1989-01-04,49988939993
Alessandra Brum Ely,1989-01-04,49988348828
Lucimar Chagas Martins,1989-01-05,91992935017
Daliane Campos Cardoso Zilmer,1989-01-12,49999918327
Franciele Garmatz,1989-01-16,49988226288
Camila Signori,1989-01-23,49999071335
Vanessa Toledo,1990-01-01,51984027344
Leticia Faria,1990-01-12,49988131209
Raquel Cristina Coimbra de Paula,1990-01-15,49988545644
Vanessa da Silva,1990-01-18,49988188171
Mayara Florentina da Silva,1990-01-20,48996226401
Bertila Ferri,1990-01-21,49988911252
Carita Almeida Buffon,1990-01-31,49988373028
Tamara Carine Rigo,1991-01-07,49999551220
Milena Copeti,1991-01-08,49988017951
Caroline Kinner Lago,1991-01-10,49999491864
Lorena Ferreira de Liima,1991-01-16,49999127747
Cristiane Paula Pires,1991-01-16,49998056108
Katia Schmitz,1991-01-19,49998359371
Ivanete Persch,1991-01-22,49998294933
Mayara Frandoloso,1991-01-25,49988366765
Luciana Bonnetto Pereira,1991-01-31,49988746328
Maiara Carla Pedroti,1992-01-10,49999520371
Priscila Daisy de Oliveira Scheibler,1992-01-17,49991988891
Sintia Avrellla,1992-01-22,66699648533
Luciana Schneider Polazzo,1992-01-24,49988200271
Tatiene Beatriz Leal Bandeira,1992-01-29,55999073136
Tatiane Lorengian,1994-01-11,49999421283
Gessica Trentin,1994-01-20,49999763591
Priscila Foresti Pasqualotto,1994-01-29,49988474000
Tauana Wachholz Gonçalves,1995-01-16,49988864773
Evelyn Tavares Guarniere,1995-01-22,49999010379
Fabieli Wollmamn,1996-01-06,49984062561
Alessandra Cristiane Jost,1996-01-13,49988047963
Monica Aparecida Piccoli Cerbaro,1996-01-21,49988488018
Larissa da Costa,1996-01-23,49988595014
Tatiane Taisa Bender Sulzbacher,1996-01-27,49991935887
Charline Raquel dos Santos,1997-01-17,49991668898
Iasmim Lima,1997-01-17,49991822353
Cristina Vanessa Paulus,1997-01-25,49988778069
Daiane Liberali,1998-01-07,48998485800
Tayná Huppes,1998-01-09,49999777742
Dalva Adriana Grade Manica,1998-01-12,49988381906
Talia Alves Joner,1998-01-27,49999628182
Mariele da Costa Dgostini,1999-01-29,49988822086
Emily Lailana Laskoschi,2000-01-19,49999094146
Bianca Nicoli Rieth,2001-01-04,49999718617
Camilla Secchi,2001-01-09,49999934338
Gislaine Janner,2002-01-14,49988386770
Eduarda Jomertz,2003-01-07,49998233323
Roberta Caroline Bolfe,2003-01-19,49998001586
Isabela Maria Vendrame,2004-01-02,49988262620
Juliana Ester Nascimento Batista,2004-01-15,49989157146
Thais Alana Secchi,2004-01-20,49998183257
Kalena Monique Beckert,2004-01-28,49988818621
Rafaela Dalmagro,2005-01-09,49984245436
Sandinara Zanon Sutil,2005-01-19,49984236791
Bruna Piegel,2005-01-25,49998320240
Vitoria Luiza de Souza,2006-01-12,49999965325
Marieli Kerkhoff,2007-01-11,49988689659
